season,race,class_group,min_fastest_lap_time_sec
2011,LeMans,GT (GTE Pro/Am),238.876
2011,LeMans,LMP2,221.536
2011,LeMans,Top Class (LMP1/Hypercar),205.289
2012,Bahrain,GT (GTE Pro/Am),122.297
2012,Bahrain,LMP2,113.34899999999999
2012,Bahrain,Top Class (LMP1/Hypercar),107.128
2012,Fuji,GT (GTE Pro/Am),101.17
2012,Fuji,LMP2,93.453
2012,Fuji,Top Class (LMP1/Hypercar),88.088
2012,Interlagos,GT (GTE Pro/Am),94.39
2012,Interlagos,LMP2,87.848
2012,Interlagos,Top Class (LMP1/Hypercar),83.07
2012,LeMans,Experimental,225.737
2012,LeMans,GT (GTE Pro/Am),234.928
2012,LeMans,LMP2,218.803
2012,LeMans,Top Class (LMP1/Hypercar),204.189
2012,Sebring,GT (GTE Pro/Am),120.123
2012,Sebring,LMP2,111.306
2012,Sebring,Top Class (LMP1/Hypercar),106.56700000000001
2012,Shanghai,GT (GTE Pro/Am),125.146
2012,Shanghai,LMP2,115.214
2012,Shanghai,Top Class (LMP1/Hypercar),108.815
2012,Silverstone,GT (GTE Pro/Am),121.718
2012,Silverstone,LMP2,110.439
2012,Silverstone,Top Class (LMP1/Hypercar),104.059
2012,Spa,GT (GTE Pro/Am),140.11599999999999
2012,Spa,LMP2,129.835
2012,Spa,Top Class (LMP1/Hypercar),121.851
2013,Bahrain,GT (GTE Pro/Am),119.232
2013,Bahrain,LMP2,111.179
2013,Bahrain,Top Class (LMP1/Hypercar),104.18299999999999
2013,Cota,GT (GTE Pro/Am),123.52
2013,Cota,LMP2,114.559
2013,Cota,Top Class (LMP1/Hypercar),107.375
2013,Fuji,GT (GTE Pro/Am),138.803
2013,Fuji,LMP2,139.12
2013,Fuji,Top Class (LMP1/Hypercar),124.095
2013,Interlagos,GT (GTE Pro/Am),93.85
2013,Interlagos,LMP2,87.502
2013,Interlagos,Top Class (LMP1/Hypercar),81.17699999999999
2013,LeMans,GT (GTE Pro/Am),234.639
2013,LeMans,LMP2,218.059
2013,LeMans,Top Class (LMP1/Hypercar),202.746
2013,Shanghai,GT (GTE Pro/Am),124.819
2013,Shanghai,LMP2,116.375
2013,Shanghai,Top Class (LMP1/Hypercar),109.066
2013,Silverstone,GT (GTE Pro/Am),121.426
2013,Silverstone,LMP2,109.087
2013,Silverstone,Top Class (LMP1/Hypercar),102.767
2013,Spa,GT (GTE Pro/Am),139.106
2013,Spa,LMP2,129.294
2013,Spa,Top Class (LMP1/Hypercar),120.435
2014,Bahrain,GT (GTE Pro/Am),120.003
2014,Bahrain,LMP2,112.283
2014,Bahrain,Top Class (LMP1/Hypercar),105.989
2014,Cota,GT (GTE Pro/Am),125.881
2014,Cota,LMP2,117.285
2014,Cota,Top Class (LMP1/Hypercar),110.39
2014,Fuji,GT (GTE Pro/Am),100.532
2014,Fuji,LMP2,93.99600000000001
2014,Fuji,Top Class (LMP1/Hypercar),87.759
2014,Interlagos,GT (GTE Pro/Am),90.101
2014,Interlagos,LMP2,84.916
2014,Interlagos,Top Class (LMP1/Hypercar),78.367
2014,LeMans,Experimental,230.352
2014,LeMans,GT (GTE Pro/Am),233.763
2014,LeMans,LMP2,217.787
2014,LeMans,Top Class (LMP1/Hypercar),202.567
2014,Shanghai,GT (GTE Pro/Am),124.008
2014,Shanghai,LMP2,115.9
2014,Shanghai,Top Class (LMP1/Hypercar),108.694
2014,Silverstone,GT (GTE Pro/Am),120.963
2014,Silverstone,LMP2,111.339
2014,Silverstone,Top Class (LMP1/Hypercar),104.217
2014,Spa,GT (GTE Pro/Am),139.624
2014,Spa,LMP2,130.112
2014,Spa,Top Class (LMP1/Hypercar),121.327
2015,Bahrain,GT (GTE Pro/Am),119.6
2015,Bahrain,LMP2,112.17699999999999
2015,Bahrain,Top Class (LMP1/Hypercar),101.893
2015,Cota,GT (GTE Pro/Am),125.867
2015,Cota,LMP2,116.735
2015,Cota,Top Class (LMP1/Hypercar),107.412
2015,Fuji,GT (GTE Pro/Am),100.73599999999999
2015,Fuji,LMP2,94.55
2015,Fuji,Top Class (LMP1/Hypercar),85.621
2015,LeMans,GT (GTE Pro/Am),234.246
2015,LeMans,LMP2,216.679
2015,LeMans,Top Class (LMP1/Hypercar),197.475
2015,Nurburgring,GT (GTE Pro/Am),115.191
2015,Nurburgring,LMP2,107.28999999999999
2015,Nurburgring,Top Class (LMP1/Hypercar),97.955
2015,Shanghai,GT (GTE Pro/Am),123.759
2015,Shanghai,LMP2,115.56
2015,Shanghai,Top Class (LMP1/Hypercar),106.685
2015,Silverstone,GT (GTE Pro/Am),121.054
2015,Silverstone,LMP2,110.045
2015,Silverstone,Top Class (LMP1/Hypercar),100.836
2015,Spa,GT (GTE Pro/Am),138.774
2015,Spa,LMP2,129.364
2015,Spa,Top Class (LMP1/Hypercar),117.97200000000001
2016,Bahrain,GT (GTE Pro/Am),118.995
2016,Bahrain,LMP2,111.768
2016,Bahrain,Top Class (LMP1/Hypercar),101.511
2016,Cota,GT (GTE Pro/Am),125.244
2016,Cota,LMP2,117.035
2016,Cota,Top Class (LMP1/Hypercar),107.05199999999999
2016,Fuji,GT (GTE Pro/Am),98.575
2016,Fuji,LMP2,92.94800000000001
2016,Fuji,Top Class (LMP1/Hypercar),84.645
2016,LeMans,Experimental,226.131
2016,LeMans,GT (GTE Pro/Am),231.514
2016,LeMans,LMP2,216.25900000000001
2016,LeMans,Top Class (LMP1/Hypercar),201.445
2016,Mexico,GT (GTE Pro/Am),100.47800000000001
2016,Mexico,LMP2,95.702
2016,Mexico,Top Class (LMP1/Hypercar),85.88
2016,Nurburgring,GT (GTE Pro/Am),117.293
2016,Nurburgring,LMP2,109.864
2016,Nurburgring,Top Class (LMP1/Hypercar),100.325
2016,Shanghai,GT (GTE Pro/Am),122.217
2016,Shanghai,LMP2,115.49000000000001
2016,Shanghai,Top Class (LMP1/Hypercar),105.935
2016,Silverstone,GT (GTE Pro/Am),118.88499999999999
2016,Silverstone,LMP2,108.90899999999999
2016,Silverstone,Top Class (LMP1/Hypercar),100.303
2016,Spa,GT (GTE Pro/Am),138.485
2016,Spa,LMP2,129.317
2016,Spa,Top Class (LMP1/Hypercar),118.431
2017,Bahrain,GT (GTE Pro/Am),118.456
2017,Bahrain,LMP2,109.425
2017,Bahrain,Top Class (LMP1/Hypercar),102.862
2017,Cota,GT (GTE Pro/Am),124.789
2017,Cota,LMP2,115.42699999999999
2017,Cota,Top Class (LMP1/Hypercar),107.149
2017,Fuji,GT (GTE Pro/Am),108.313
2017,Fuji,LMP2,105.588
2017,Fuji,Top Class (LMP1/Hypercar),97.702
2017,LeMans,GT (GTE Pro/Am),230.95
2017,LeMans,LMP2,208.632
2017,LeMans,Top Class (LMP1/Hypercar),198.60399999999998
2017,Mexico,GT (GTE Pro/Am),100.212
2017,Mexico,LMP2,93.67
2017,Mexico,Top Class (LMP1/Hypercar),85.73
2017,Nurburgring,GT (GTE Pro/Am),115.962
2017,Nurburgring,LMP2,107.794
2017,Nurburgring,Top Class (LMP1/Hypercar),100.63300000000001
2017,Shanghai,GT (GTE Pro/Am),122.154
2017,Shanghai,LMP2,111.793
2017,Shanghai,Top Class (LMP1/Hypercar),105.892
2017,Silverstone,GT (GTE Pro/Am),117.416
2017,Silverstone,LMP2,106.256
2017,Silverstone,Top Class (LMP1/Hypercar),99.656
2017,Spa,GT (GTE Pro/Am),137.04500000000002
2017,Spa,LMP2,125.95
2017,Spa,Top Class (LMP1/Hypercar),117.638
2018-2019,Fuji,GT (GTE Pro/Am),97.392
2018-2019,Fuji,LMP2,90.557
2018-2019,Fuji,Top Class (LMP1/Hypercar),85.60300000000001
2018-2019,LeMans,GT (GTE Pro/Am),229.448
2018-2019,LeMans,LMP2,207.2
2018-2019,LeMans,Top Class (LMP1/Hypercar),197.65800000000002
2018-2019,LeMans 2,GT (GTE Pro/Am),229.83100000000002
2018-2019,LeMans 2,LMP2,207.611
2018-2019,LeMans 2,Top Class (LMP1/Hypercar),197.297
2018-2019,Sebring,GT (GTE Pro/Am),118.701
2018-2019,Sebring,LMP2,108.99000000000001
2018-2019,Sebring,Top Class (LMP1/Hypercar),101.8
2018-2019,Shanghai,GT (GTE Pro/Am),134.08
2018-2019,Shanghai,LMP2,129.817
2018-2019,Shanghai,Top Class (LMP1/Hypercar),121.381
2018-2019,Silverstone,GT (GTE Pro/Am),117.789
2018-2019,Silverstone,LMP2,107.381
2018-2019,Silverstone,Top Class (LMP1/Hypercar),99.602
2018-2019,Spa,GT (GTE Pro/Am),135.667
2018-2019,Spa,LMP2,125.324
2018-2019,Spa,Top Class (LMP1/Hypercar),117.44200000000001
2018-2019,Spa 2,GT (GTE Pro/Am),134.208
2018-2019,Spa 2,LMP2,124.155
2018-2019,Spa 2,Top Class (LMP1/Hypercar),117.394
2019-2020,Bahrain,GT (GTE Pro/Am),117.169
2019-2020,Bahrain,LMP2,108.801
2019-2020,Bahrain,Top Class (LMP1/Hypercar),102.637
2019-2020,Cota,GT (GTE Pro/Am),122.522
2019-2020,Cota,LMP2,112.545
2019-2020,Cota,Top Class (LMP1/Hypercar),109.503
2019-2020,Fuji,GT (GTE Pro/Am),97.64500000000001
2019-2020,Fuji,LMP2,90.042
2019-2020,Fuji,Top Class (LMP1/Hypercar),86.657
2019-2020,LeMans,GT (GTE Pro/Am),230.321
2019-2020,LeMans,LMP2,207.508
2019-2020,LeMans,Top Class (LMP1/Hypercar),199.264
2019-2020,Shanghai,GT (GTE Pro/Am),120.948
2019-2020,Shanghai,LMP2,112.213
2019-2020,Shanghai,Top Class (LMP1/Hypercar),108.428
2019-2020,Silverstone,GT (GTE Pro/Am),115.762
2019-2020,Silverstone,LMP2,103.404
2019-2020,Silverstone,Top Class (LMP1/Hypercar),97.289
2019-2020,Spa,GT (GTE Pro/Am),136.099
2019-2020,Spa,LMP2,125.601
2019-2020,Spa,Top Class (LMP1/Hypercar),122.154
2021,Algarve,GT (GTE Pro/Am),98.757
2021,Algarve,LMP2,91.97
2021,Algarve,Top Class (LMP1/Hypercar),90.919
2021,Bahrain,GT (GTE Pro/Am),117.032
2021,Bahrain,LMP2,112.163
2021,Bahrain,Top Class (LMP1/Hypercar),109.44800000000001
2021,Bahrain 2,GT (GTE Pro/Am),118.59
2021,Bahrain 2,LMP2,113.215
2021,Bahrain 2,Top Class (LMP1/Hypercar),108.926
2021,LeMans,Experimental,217.066
2021,LeMans,GT (GTE Pro/Am),227.501
2021,LeMans,LMP2,211.096
2021,LeMans,Top Class (LMP1/Hypercar),207.607
2021,Monza,GT (GTE Pro/Am),106.339
2021,Monza,LMP2,99.602
2021,Monza,Top Class (LMP1/Hypercar),96.951
2021,Spa,GT (GTE Pro/Am),133.658
2021,Spa,LMP2,125.605
2021,Spa,Top Class (LMP1/Hypercar),123.93
2022,Bahrain,GT (GTE Pro/Am),117.993
2022,Bahrain,LMP2,111.732
2022,Bahrain,Top Class (LMP1/Hypercar),109.709
2022,Fuji,GT (GTE Pro/Am),97.515
2022,Fuji,LMP2,92.28999999999999
2022,Fuji,Top Class (LMP1/Hypercar),90.735
2022,LeMans,GT (GTE Pro/Am),228.356
2022,LeMans,LMP2,210.918
2022,LeMans,Top Class (LMP1/Hypercar),207.749
2022,Monza,GT (GTE Pro/Am),105.947
2022,Monza,LMP2,99.757
2022,Monza,Top Class (LMP1/Hypercar),96.589
2022,Sebring,GT (GTE Pro/Am),117.73400000000001
2022,Sebring,LMP2,110.87
2022,Sebring,Top Class (LMP1/Hypercar),109.033
2022,Spa,GT (GTE Pro/Am),135.147
2022,Spa,LMP2,126.955
2022,Spa,Top Class (LMP1/Hypercar),125.298
2023,Algarve,GT (GTE Pro/Am),100.249
2023,Algarve,LMP2,95.24600000000001
2023,Algarve,Top Class (LMP1/Hypercar),92.13499999999999
2023,Bahrain,GT (GTE Pro/Am),118.394
2023,Bahrain,LMP2,114.598
2023,Bahrain,Top Class (LMP1/Hypercar),110.13900000000001
2023,Fuji,GT (GTE Pro/Am),98.342
2023,Fuji,LMP2,94.12700000000001
2023,Fuji,Top Class (LMP1/Hypercar),90.78
2023,LeMans,Experimental,230.512
2023,LeMans,GT (GTE Pro/Am),230.439
2023,LeMans,LMP2,216.043
2023,LeMans,Top Class (LMP1/Hypercar),207.218
2023,Monza,GT (GTE Pro/Am),106.863
2023,Monza,LMP2,100.68299999999999
2023,Monza,Top Class (LMP1/Hypercar),96.696
2023,Sebring,GT (GTE Pro/Am),119.143
2023,Sebring,LMP2,111.406
2023,Sebring,Top Class (LMP1/Hypercar),107.88499999999999
2023,Spa,GT (GTE Pro/Am),134.829
2023,Spa,LMP2,126.732
2023,Spa,Top Class (LMP1/Hypercar),122.327
